{
    "background_a": 1.0,
    "background_b": 0.30000001192092896,
    "background_g": 0.30000001192092896,
    "background_r": 0.30000001192092896,
    "camera_far_clip": 1.0,
    "camera_fov": 45.0,
    "camera_move_speed": 0.009999999776482582,
    "camera_near_clip": 9.999999747378752e-05,
    "camera_pos_x": 86.62519836425781,
    "camera_pos_y": -533.2866821289063,
    "camera_pos_z": 150.0,
    "camera_rot_x": 90.0,
    "camera_rot_y": 0.0,
    "camera_rot_z": 0.0,
    "coloring_method": 7,
    "font_size": 16.0,
    "gpu_idx": 0,
    "image_save_path": "image.png",
    "max_dev_num": 50,
    "show_mod_plot": false,
    "show_mod_plot_raw": false,
    "show_radiation_pressure": false,
    "slice_alpha": 1.0,
    "slice_color_scale": 2.0,
    "slice_height": 0.30000001192092896,
    "slice_pixel_size": 0.0010000000474974513,
    "slice_pos_x": 86.62519836425781,
    "slice_pos_y": 66.71330261230469,
    "slice_pos_z": 150.0,
    "slice_rot_x": 90.0,
    "slice_rot_y": 0.0,
    "slice_rot_z": 0.0,
    "slice_width": 0.30000001192092896,
    "sound_speed": 340.0,
    "use_left_handed": true,
    "use_meter": true,
    "vsync": true,
    "window_height": 600,
    "window_width": 800
}
